Name,ESI,Mass (Me),Radius (Re),Flux (Se),Tsurf (K),Period (days),Distance (ly),Age (Gy),Type,Type_ru
GJ 1002 b,0.861515455,1.08,1.03,0.673236417,260.5958054,10.3465,15.81422813,NaN,M Warm Terran,M Тёплая Терра
GJ 1002 c,0.581715253,1.36,1.1,0.258159004,205.0677376,21.202,15.81422813,NaN,M Warm Terran,M Тёплая Терра
GJ 1061 c,0.857910579,1.74,1.18,1.448571318,310.4958039,6.689,11.97899234,7,M Warm Terran,M Тёплая Терра
GJ 1061 d,0.858635112,1.64,1.16,0.686780311,246.5756326,13.031,11.97899234,7,M Warm Terran,M Тёплая Терра
GJ 163 c,0.686806955,6.8,2.5,1.251825187,303.7456203,25.63058,49.34251046,6,M Warm Superterran,M Тёплая Супертерра
GJ 180 c,0.695402746,6.4,2.41,0.784488595,270.3400125,24.329,38.94530949,NaN,M Warm Superterran,M Тёплая Супертерра
GJ 229 A c,0.560159894,8.58137,2.87,0.437086681,227.7645574,121.93268,18.77432213,0.4,M Warm Superterran,M Тёплая Супертерра
GJ 273 b,0.85463759,2.89,1.51,1.064476589,291.6700195,18.6498,12.34846216,NaN,M Warm Terran,M Тёплая Терра
GJ 3293 d,0.629776603,7.6,2.67,0.588592698,251.3040314,48.1345,65.85187487,NaN,M Warm Superterran,M Тёплая Супертерра
GJ 357 d,0.57551752,6.1,2.34,0.38259533,226.261383,55.661,30.79502982,NaN,M Warm Superterran,M Тёплая Супертерра
GJ 367 d,0.713554719,6.03,2.33,1.145208999,296.5086154,34.369,30.6998575,NaN,M Warm Superterran,M Тёплая Супертерра
GJ 433 d,0.74246005,5.223,2.14,1.05980663,291.6300979,36.059,29.56460631,NaN,M Warm Superterran,M Тёплая Супертерра
GJ 514 b,0.520100838,5.2,2.13,0.270090776,198.9284556,140.43,24.84584654,0.8,M Warm Superterran,M Тёплая Супертерра
GJ 667 C c,0.798101401,3.8,1.77,0.877539856,278.4259153,28.14,23.62661018,2,M Warm Superterran,M Тёплая Супертерра
GJ 667 C e,0.599465844,2.7,1.45,0.302223109,213.2921445,62.24,23.62661018,2,M Warm Terran,M Тёплая Терра
GJ 667 C f,0.763729929,2.7,1.45,0.563567998,249.223383,39.026,23.62661018,2,M Warm Terran,M Тёплая Терра
GJ 682 b,0.567605826,4.4,1.93,0.313483173,215.0089378,17.478,16.32968507,NaN,M Warm Superterran,M Тёплая Супертерра
HD 216520 c,0.633632843,9.44,3.03,1.276091476,304.9412597,154.43,63.77002112,6,K Warm Superterran,K Тёплая Супертерра
HD 40307 g,0.659352804,7.1,2.56,0.66645905,255.7196683,197.8,42.19251863,4.5,K Warm Superterran,K Тёплая Супертерра
HIP 38594 b,0.652296375,8.1,2.77,1.342419006,307.9746662,60.722,58.01858622,NaN,M Warm Superterran,M Тёплая Супертерра
HN Lib b,0.647451493,5.46,2.2,0.505381991,242.2818674,36.116,20.3665505,4.4,M Warm Superterran,M Тёплая Супертерра
K2-18 b,0.700937684,8.92,2.37,1.264153833,302.7345052,32.939623,124.0260375,NaN,M Warm Superterran,M Тёплая Супертерра
K2-288 B b,0.646488142,4.27,1.9,0.436829846,233.885661,31.393463,214.0033455,1,M Warm Superterran,M Тёплая Супертерра
K2-3 d,0.814263823,2.2,1.458,1.454409661,315.442726,44.55603,143.7457554,6.9,M Warm Terran,M Тёплая Терра
K2-332 b,0.729321206,5.48,2.2,1.166542497,298.9858687,17.70632,401.8307151,NaN,M Warm Superterran,M Тёплая Супертерра
K2-72 e,0.870823573,2.21,1.29,1.303262133,306.6853932,24.158868,216.6722801,NaN,M Warm Terran,M Тёплая Терра
K2-9 b,0.698768404,5.69,2.25,1.448495717,315.6129575,18.4498,270.5891284,1,M Warm Superterran,M Тёплая Супертерра
Kepler-1229 b,0.620494388,2.54,1.4,0.324356083,217.1106027,86.828989,865.8854719,3.72,M Warm Terran,M Тёплая Терра
Kepler-1410 b,0.799974171,3.82,1.78,1.074749569,292.9222362,60.866168,1196.99252,4.07,K Warm Superterran,K Тёплая Супертерра
Kepler-1540 b,0.685240143,6.76,2.49,0.776206331,270.0348497,125.4131177,798.9517376,2.51,K Warm Superterran,K Тёплая Супертерра
Kepler-1544 b,0.792663512,3.82,1.78,0.84302642,275.6676585,168.811174,1092.91614,2.34,K Warm Superterran,K Тёплая Супертерра
Kepler-155 c,0.728767146,5.65,2.24,1.052856707,291.4189829,52.661793,957.2645984,2.9,M Warm Superterran,M Тёплая Супертерра
Kepler-1606 b,0.700253867,4.94,2.07,1.636042797,325.3675118,196.435224,2711.292428,4.27,G Warm Superterran,G Тёплая Супертерра
Kepler-1638 b,0.757064114,4.16,1.87,1.385758192,312.1385328,259.33683,4975.575011,4.37,G Warm Superterran,G Тёплая Супертерра
Kepler-1649 c,0.925297895,1.2,1.06,1.226056845,302.7284049,19.53527,300.6874564,NaN,M Warm Terran,M Тёплая Терра
Kepler-1652 b,0.825805695,3.19,1.6,0.841257578,275.5229428,38.09722,821.91312,3.2,M Warm Terran,M Тёплая Терра
Kepler-1653 b,0.738574072,5.35,2.17,1.043989557,290.8034534,140.2524,2462.4778,7.7,K Warm Superterran,K Тёплая Супертерра
Kepler-1701 b,0.70536871,5.57,2.222,1.417046136,313.8856913,169.134,1905.214182,NaN,K Warm Superterran,K Тёплая Супертерра
Kepler-174 d,0.67845615,5.43,2.19,0.587249509,251.8437554,247.35373,1254.908041,4.9,K Warm Superterran,K Тёплая Супертерра
Kepler-186 f,0.610834201,1.71,1.17,0.294700057,211.9045099,129.9441,579.2334866,4,M Warm Terran,M Тёплая Терра
Kepler-22 b,0.7216326,9.1,2.1,1.411057471,275.4180766,289.863876,634.8365615,7,G Warm Superterran,G Тёплая Супертерра
Kepler-283 c,0.790637172,3.97,1.82,0.894316497,279.768189,92.743711,1526.716667,3.09,K Warm Superterran,K Тёплая Супертерра
Kepler-296 e,0.851870759,2.96,1.53,1.000606613,281.6348028,34.14211,544.68052,4.2,M Warm Terran,M Тёплая Терра
Kepler-296 f,0.658499975,3.89,1.8,0.439497508,229.2765211,63.33627,544.68052,4.2,M Warm Superterran,M Тёплая Супертерра
Kepler-440 b,0.752602631,4.12,1.86,1.435637854,307.8069312,101.11141,981.8274068,1.3,K Warm Superterran,K Тёплая Супертерра
Kepler-442 b,0.838242023,2.36,1.34,0.699682639,263.0391661,112.3053,1193.616805,2.9,K Warm Terran,K Тёплая Терра
Kepler-443 b,0.714604237,6.04,2.33,0.890088335,278.8004209,177.6693,2616.655003,3.2,K Warm Superterran,K Тёплая Супертерра
Kepler-452 b,0.826718498,3.29,1.63,1.109012984,295.2294509,384.843,1799.490714,6,G Warm Superterran,G Тёплая Супертерра
Kepler-62 e,0.82742754,36,1.61,1.151182688,297.9967884,122.3874,981.3186034,7,K Warm Superterran,K Тёплая Супертерра
Kepler-62 f,0.678714084,35,1.41,0.40714688,229.8070241,267.291,981.3186034,7,K Warm Terran,M Тёплая Терра
Kepler-705 b,0.730736712,5.1,2.11,0.76563897,269.1110487,56.0560538,903.0639944,3.89,M Warm Superterran,M Тёплая Супертерра
LHS 1140 b,0.657843389,5.6,1.73,0.425225797,232.2361055,24.73723,48.87806432,5,M Warm Superterran,M Тёплая Супертерра
LP 890-9 c,0.885251089,25.3,1.367,0.908576167,280.8767919,8.457463,105.7717385,7.2,M Warm Terran,M Тёплая Терра
Proxima Cen b,0.864142293,1.07,1.03,0.678468236,261.0810337,11.1868,4.243909256,NaN,M Warm Terran,M Тёплая Терра
Ross 128 b,0.857720666,1.4,1.11,1.482444411,316.641714,9.8658,11.00626468,5,M Warm Terran,M Тёплая Терра
Ross 508 b,0.770770721,4,1.83,1.320490988,301.8591463,10.77,36.56306607,NaN,M Warm Superterran,M Тёплая Супертерра
Teegarden's Star b,0.968362382,1.16,1.05,1.077943486,293.0901371,4.90634,12.49431882,8,M Warm Terran,M Тёплая Терра
Teegarden's Star c,0.659004778,1.05,1.02,0.349401625,221.1191594,11.416,12.49431882,8,M Warm Terran,M Тёплая Терра
TOI-2257 b,0.716019791,5.45,2.194,0.744017123,253.7007172,35.189346,188.4891401,NaN,M Warm Superterran,M Тёплая Супертерра
TOI-700 d,0.94117592,1.25,1.073,0.859826877,276.9392586,37.42396,101.5209473,1.5,M Warm Terran,M Тёплая Терра
TOI-700 e,0.912031859,0.818,0.953,1.278049314,305.688111,27.80978,101.5209473,1.5,M Warm Terran,M Тёплая Терра
TOI-715 b,0.806760254,3.02,1.55,0.712596714,264.3239251,19.288004,138.3057995,6.2,M Warm Terran,M Тёплая Терра
TOI-904 c,0.658603185,5.34,2.167,0.524433966,244.82075,83.9997,150.322365,1.5,M Warm Superterran,M Тёплая Супертерра
TRAPPIST-1 d,0.907662411,0.388,0.788,1.115770254,295.6742548,4.049219,40.54082811,0.5,M Warm Subterran,M Тёплая Субтерра
TRAPPIST-1 e,0.845494512,0.692,0.92,0.646776017,257.9953508,6.101013,40.54082811,0.5,M Warm Terran,M Тёплая Терра
TRAPPIST-1 f,0.677112406,1.039,1.045,0.373530611,224.9048458,9.20754,40.54082811,0.5,M Warm Terran,M Тёплая Терра
TRAPPIST-1 g,0.575663821,1.321,1.129,0.252320551,203.8981685,12.352446,40.54082811,0.5,M Warm Terran,M Тёплая Терра
Wolf 1061 c,0.802187523,3.41,1.66,1.29677161,306.3028383,17.8719,14.04401644,NaN,M Warm Superterran,M Тёплая Супертерра
Wolf 1069 b,0.84859348,1.26,1.08,0.652020805,258.5180578,15.564,31.25686672,NaN,M Warm Terran,M Тёплая Терра
