Name;Type;Type_ru;Detection Method;Mass (Me);Radius (Re);Flux (Se);Tsurf (K);Period (days);Distance (ly);Age (Gy);ESI
Teegarden's Star b;M Warm Terran;M Тёплая Терра;Radial Velocity;1.16;1.05;1.077943486;293.0901371;4.90634;12.49431882;8;0.968362382
TOI-700 d;M Warm Terran;M Тёплая Терра;Transit;1.25;1.073;0.859826877;276.9392586;37.42396;101.5209473;1.5;0.94117592
Kepler-1649 c;M Warm Terran;M Тёплая Терра;Transit;1.2;1.06;1.226056845;302.7284049;19.53527;300.6874564;NaN;0.925297895
TOI-700 e;M Warm Terran;M Тёплая Терра;Transit;0.818;0.953;1.278049314;305.688111;27.80978;101.5209473;1.5;0.912031859
TRAPPIST-1 d;M Warm Subterran;M Тёплая Субтерра;Transit;0.388;0.788;1.115770254;295.6742548;4.049219;40.54082811;0.5;0.907662411
LP 890-9 c;M Warm Terran;M Тёплая Терра;Transit;25.3;1.367;0.908576167;280.8767919;8.457463;105.7717385;7.2;0.885251089
K2-72 e;M Warm Terran;M Тёплая Терра;Transit;2.21;1.29;1.303262133;306.6853932;24.158868;216.6722801;NaN;0.870823573
Proxima Cen b;M Warm Terran;M Тёплая Терра;Radial Velocity;1.07;1.03;0.678468236;261.0810337;11.1868;4.243909256;NaN;0.864142293
GJ 1002 b;M Warm Terran;M Тёплая Терра;Radial Velocity;1.08;1.03;0.673236417;260.5958054;10.3465;15.81422813;NaN;0.861515455
GJ 1061 d;M Warm Terran;M Тёплая Терра;Radial Velocity;1.64;1.16;0.686780311;246.5756326;13.031;11.97899234;7;0.858635112
GJ 1061 c;M Warm Terran;M Тёплая Терра;Radial Velocity;1.74;1.18;1.448571318;310.4958039;6.689;11.97899234;7;0.857910579
Ross 128 b;M Warm Terran;M Тёплая Терра;Radial Velocity;1.4;1.11;1.482444411;316.641714;9.8658;11.00626468;5;0.857720666
GJ 273 b;M Warm Terran;M Тёплая Терра;Radial Velocity;2.89;1.51;1.064476589;291.6700195;18.6498;12.34846216;NaN;0.85463759
Kepler-296 e;M Warm Terran;M Тёплая Терра;Transit;2.96;1.53;1.000606613;281.6348028;34.14211;544.68052;4.2;0.851870759
Wolf 1069 b;M Warm Terran;M Тёплая Терра;Radial Velocity;1.26;1.08;0.652020805;258.5180578;15.564;31.25686672;NaN;0.84859348
TRAPPIST-1 e;M Warm Terran;M Тёплая Терра;Transit;0.692;0.92;0.646776017;257.9953508;6.101013;40.54082811;0.5;0.845494512
Kepler-442 b;K Warm Terran;K Тёплая Терра;Transit;2.36;1.34;0.699682639;263.0391661;112.3053;1193.616805;2.9;0.838242023
Kepler-62 e;K Warm Superterran;K Тёплая Супертерра;Transit;36;1.61;1.151182688;297.9967884;122.3874;981.3186034;7;0.82742754
Kepler-452 b;G Warm Superterran;G Тёплая Супертерра;Transit;3.29;1.63;1.109012984;295.2294509;384.843;1799.490714;6;0.826718498
Kepler-1652 b;M Warm Terran;M Тёплая Терра;Transit;3.19;1.6;0.841257578;275.5229428;38.09722;821.91312;3.2;0.825805695
K2-3 d;M Warm Terran;M Тёплая Терра;Transit;2.2;1.458;1.454409661;315.442726;44.55603;143.7457554;6.9;0.814263823
TOI-715 b;M Warm Terran;M Тёплая Терра;Transit;3.02;1.55;0.712596714;264.3239251;19.288004;138.3057995;6.2;0.806760254
Wolf 1061 c;M Warm Superterran;M Тёплая Супертерра;Radial Velocity;3.41;1.66;1.29677161;306.3028383;17.8719;14.04401644;NaN;0.802187523
Kepler-1410 b;K Warm Superterran;K Тёплая Супертерра;Transit;3.82;1.78;1.074749569;292.9222362;60.866168;1196.99252;4.07;0.799974171
GJ 667 C c;M Warm Superterran;M Тёплая Супертерра;Radial Velocity;3.8;1.77;0.877539856;278.4259153;28.14;23.62661018;2;0.798101401
Kepler-1544 b;K Warm Superterran;K Тёплая Супертерра;Transit;3.82;1.78;0.84302642;275.6676585;168.811174;1092.91614;2.34;0.792663512
Kepler-283 c;K Warm Superterran;K Тёплая Супертерра;Transit;3.97;1.82;0.894316497;279.768189;92.743711;1526.716667;3.09;0.790637172
Ross 508 b;M Warm Superterran;M Тёплая Супертерра;Radial Velocity;4;1.83;1.320490988;301.8591463;10.77;36.56306607;NaN;0.770770721
GJ 667 C f;M Warm Terran;M Тёплая Терра;Radial Velocity;2.7;1.45;0.563567998;249.223383;39.026;23.62661018;2;0.763729929
Kepler-1638 b;G Warm Superterran;G Тёплая Супертерра;Transit;4.16;1.87;1.385758192;312.1385328;259.33683;4975.575011;4.37;0.757064114
Kepler-440 b;K Warm Superterran;K Тёплая Супертерра;Transit;4.12;1.86;1.435637854;307.8069312;101.11141;981.8274068;1.3;0.752602631
GJ 433 d;M Warm Superterran;M Тёплая Супертерра;Radial Velocity;5.223;2.14;1.05980663;291.6300979;36.059;29.56460631;NaN;0.74246005
Kepler-1653 b;K Warm Superterran;K Тёплая Супертерра;Transit;5.35;2.17;1.043989557;290.8034534;140.2524;2462.4778;7.7;0.738574072
Kepler-705 b;M Warm Superterran;M Тёплая Супертерра;Transit;5.1;2.11;0.76563897;269.1110487;56.0560538;903.0639944;3.89;0.730736712
K2-332 b;M Warm Superterran;M Тёплая Супертерра;Transit;5.48;2.2;1.166542497;298.9858687;17.70632;401.8307151;NaN;0.729321206
Kepler-155 c;M Warm Superterran;M Тёплая Супертерра;Transit;5.65;2.24;1.052856707;291.4189829;52.661793;957.2645984;2.9;0.728767146
Kepler-22 b;G Warm Superterran;G Тёплая Супертерра;Transit;9.1;2.1;1.411057471;275.4180766;289.863876;634.8365615;7;0.7216326
TOI-2257 b;M Warm Superterran;M Тёплая Супертерра;Transit;5.45;2.194;0.744017123;253.7007172;35.189346;188.4891401;NaN;0.716019791
Kepler-443 b;K Warm Superterran;K Тёплая Супертерра;Transit;6.04;2.33;0.890088335;278.8004209;177.6693;2616.655003;3.2;0.714604237
GJ 367 d;M Warm Superterran;M Тёплая Супертерра;Radial Velocity;6.03;2.33;1.145208999;296.5086154;34.369;30.6998575;NaN;0.713554719
Kepler-1701 b;K Warm Superterran;K Тёплая Супертерра;Transit;5.57;2.222;1.417046136;313.8856913;169.134;1905.214182;NaN;0.70536871
K2-18 b;M Warm Superterran;M Тёплая Супертерра;Transit;8.92;2.37;1.264153833;302.7345052;32.939623;124.0260375;NaN;0.700937684
Kepler-1606 b;G Warm Superterran;G Тёплая Супертерра;Transit;4.94;2.07;1.636042797;325.3675118;196.435224;2711.292428;4.27;0.700253867
K2-9 b;M Warm Superterran;M Тёплая Супертерра;Transit;5.69;2.25;1.448495717;315.6129575;18.4498;270.5891284;1;0.698768404
GJ 180 c;M Warm Superterran;M Тёплая Супертерра;Radial Velocity;6.4;2.41;0.784488595;270.3400125;24.329;38.94530949;NaN;0.695402746
GJ 163 c;M Warm Superterran;M Тёплая Супертерра;Radial Velocity;6.8;2.5;1.251825187;303.7456203;25.63058;49.34251046;6;0.686806955
Kepler-1540 b;K Warm Superterran;K Тёплая Супертерра;Transit;6.76;2.49;0.776206331;270.0348497;125.4131177;798.9517376;2.51;0.685240143
Kepler-62 f;K Warm Terran;M Тёплая Терра;Transit;35;1.41;0.40714688;229.8070241;267.291;981.3186034;7;0.678714084
Kepler-174 d;K Warm Superterran;K Тёплая Супертерра;Transit;5.43;2.19;0.587249509;251.8437554;247.35373;1254.908041;4.9;0.67845615
TRAPPIST-1 f;M Warm Terran;M Тёплая Терра;Transit;1.039;1.045;0.373530611;224.9048458;9.20754;40.54082811;0.5;0.677112406
HD 40307 g;K Warm Superterran;K Тёплая Супертерра;Radial Velocity;7.1;2.56;0.66645905;255.7196683;197.8;42.19251863;4.5;0.659352804
Teegarden's Star c;M Warm Terran;M Тёплая Терра;Radial Velocity;1.05;1.02;0.349401625;221.1191594;11.416;12.49431882;8;0.659004778
TOI-904 c;M Warm Superterran;M Тёплая Супертерра;Transit;5.34;2.167;0.524433966;244.82075;83.9997;150.322365;1.5;0.658603185
Kepler-296 f;M Warm Superterran;M Тёплая Супертерра;Transit;3.89;1.8;0.439497508;229.2765211;63.33627;544.68052;4.2;0.658499975
LHS 1140 b;M Warm Superterran;M Тёплая Супертерра;Transit;5.6;1.73;0.425225797;232.2361055;24.73723;48.87806432;5;0.657843389
HIP 38594 b;M Warm Superterran;M Тёплая Супертерра;Radial Velocity;8.1;2.77;1.342419006;307.9746662;60.722;58.01858622;NaN;0.652296375
HN Lib b;M Warm Superterran;M Тёплая Супертерра;Radial Velocity;5.46;2.2;0.505381991;242.2818674;36.116;20.3665505;4.4;0.647451493
K2-288 B b;M Warm Superterran;M Тёплая Супертерра;Transit;4.27;1.9;0.436829846;233.885661;31.393463;214.0033455;1;0.646488142
HD 216520 c;K Warm Superterran;K Тёплая Супертерра;Radial Velocity;9.44;3.03;1.276091476;304.9412597;154.43;63.77002112;6;0.633632843
GJ 3293 d;M Warm Superterran;M Тёплая Супертерра;Radial Velocity;7.6;2.67;0.588592698;251.3040314;48.1345;65.85187487;NaN;0.629776603
Kepler-1229 b;M Warm Terran;M Тёплая Терра;Transit;2.54;1.4;0.324356083;217.1106027;86.828989;865.8854719;3.72;0.620494388
Kepler-186 f;M Warm Terran;M Тёплая Терра;Transit;1.71;1.17;0.294700057;211.9045099;129.9441;579.2334866;4;0.610834201
GJ 667 C e;M Warm Terran;M Тёплая Терра;Radial Velocity;2.7;1.45;0.302223109;213.2921445;62.24;23.62661018;2;0.599465844
GJ 1002 c;M Warm Terran;M Тёплая Терра;Radial Velocity;1.36;1.1;0.258159004;205.0677376;21.202;15.81422813;NaN;0.581715253
TRAPPIST-1 g;M Warm Terran;M Тёплая Терра;Transit;1.321;1.129;0.252320551;203.8981685;12.352446;40.54082811;0.5;0.575663821
GJ 357 d;M Warm Superterran;M Тёплая Супертерра;Radial Velocity;6.1;2.34;0.38259533;226.261383;55.661;30.79502982;NaN;0.57551752
GJ 682 b;M Warm Superterran;M Тёплая Супертерра;Radial Velocity;4.4;1.93;0.313483173;215.0089378;17.478;16.32968507;NaN;0.567605826
GJ 229 A c;M Warm Superterran;M Тёплая Супертерра;Radial Velocity;8.58137;2.87;0.437086681;227.7645574;121.93268;18.77432213;0.4;0.560159894
GJ 514 b;M Warm Superterran;M Тёплая Супертерра;Radial Velocity;5.2;2.13;0.270090776;198.9284556;140.43;24.84584654;0.8;0.520100838
