ID,X,Y,Z
0,125.13442,0.9959,-6.6184
1,66.69789,1.08839,-20.82279
2,149.24392,5.03889,-6.64698
3,25.99003,0.95143,14.4701
4,97.62926,4.27812,19.25363
5,98.41495,5.69,26.75313
6,104.68073,6.8191,-17.6856
7,32.55887,2.9417,-88.02192
8,19.28663,2.67132,-38.1445
9,62.48016,8.71762,88.5154
10,79.50972,11.31446,9.79754
11,101.91319,19.21747,-82.38616
12,96.32081,19.67547,97.83572
13,135.21906,28.75249,-55.07606
14,73.53764,15.91055,92.80722
15,88.45029,23.72464,90.66491
16,71.82281,19.6798,-49.68909
17,103.95528,29.22937,66.9657
18,103.0336,29.72019,7.92566
19,46.72963,14.37241,-70.46359
20,52.03826,16.7641,113.10797
21,44.69701,14.45601,100.82836
22,112.61901,36.86764,74.65536
23,97.63781,34.22906,85.23005
24,98.972,37.64594,78.39639
25,93.74851,36.17135,75.40078
26,87.70696,38.26201,72.7303
27,21.72509,9.8678,-37.07729
28,89.01806,40.81704,99.30577
29,58.44875,27.89665,45.76406
30,25.72178,12.39687,81.18359
31,74.92794,38.25255,25.64917
32,84.15263,44.8182,116.87266
33,52.76746,28.76818,121.44382
34,52.96411,31.51759,111.48668
35,68.97228,41.40122,73.27505
36,82.67656,49.91823,-54.18985
37,52.65617,33.83081,50.75399
38,24.46237,16.57914,-37.16712
39,51.15787,35.89256,130.06585
40,57.19341,40.40891,83.90621
41,42.60836,32.15396,7.93958
42,28.07935,22.2481,56.32842
43,95.94947,76.2159,-65.7925
44,41.93813,34.87076,105.18336
45,49.84957,41.65421,-134.8711
46,13.35596,11.16603,-43.67273
47,55.83707,48.13213,105.69748
48,75.91365,65.67262,52.71574
49,98.97281,86.12873,-32.36862
50,107.45562,93.86304,39.0641
51,79.63288,70.44743,91.16717
52,52.68123,47.04574,119.8132
53,32.0505,29.36453,22.3981
54,104.06132,96.60907,38.26519
55,72.02238,70.33772,62.74571
56,72.48152,72.2832,-4.40649
57,90.95544,90.72945,20.13498
58,95.31727,97.31367,10.36869
59,76.96013,80.70658,52.60799
60,14.64569,15.7288,18.65323
61,20.56634,22.59225,65.65067
62,67.67046,75.31234,52.16204
63,46.20006,51.74025,67.66062
64,79.26888,88.83265,-86.32207
65,61.09552,72.25008,113.14299
66,84.37212,101.65094,51.09975
67,54.64303,68.70663,89.64589
68,41.5268,52.75631,11.51588
69,70.50681,92.40069,-10.32234
70,51.05734,67.17874,44.35943
71,64.45733,86.0044,17.74189
72,50.2377,67.76084,-33.45344
73,81.23451,112.10762,-43.56417
74,66.77344,97.44329,42.2961
75,6.8765,10.0565,-146.98862
76,52.00411,77.68529,42.18959
77,57.67077,86.2089,46.42553
78,56.78016,85.10777,47.35916
79,57.71329,86.544,47.33429
80,24.76962,37.209,-134.82902
81,55.55657,83.79896,45.54011
82,59.58815,89.94918,49.29543
83,55.43355,84.01036,44.70426
84,74.90681,114.2407,62.3145
85,48.36584,73.95889,85.55775
86,56.24191,86.17987,46.04441
87,40.49265,62.0773,109.56032
88,51.72193,79.9092,41.2334
89,57.57939,89.65657,47.56007
90,58.55729,91.20074,48.56497
91,61.28664,95.61262,51.47174
92,49.16162,76.8986,37.86808
93,57.44349,89.93019,46.86934
94,77.61566,121.56823,23.89708
95,49.07233,76.96707,37.33293
96,61.05983,96.42477,-84.22393
97,70.50145,112.02409,30.67058
98,64.45089,104.66468,4.54839
99,46.84165,76.17631,-61.99595
100,56.26525,91.55753,-49.22867
101,23.91992,40.37555,92.39153
102,55.12531,96.1378,24.54887
103,68.61276,120.69923,-3.75594
104,63.75708,118.17079,70.19642
105,43.35861,81.73349,86.85722
106,62.6559,118.80767,-20.482
107,61.86394,117.6164,31.6556
108,46.6266,89.04974,11.85296
109,63.529,128.26484,25.26813
110,57.98752,118.28114,20.6106
111,25.74182,53.30438,110.62933
112,27.56287,57.57397,-126.66979
113,22.89726,47.92204,125.66284
114,19.6006,41.04449,-30.44725
115,38.00084,79.79123,79.97146
116,32.47987,69.20708,29.56453
117,40.78008,89.02266,103.18092
118,30.50096,67.38131,35.48382
119,56.3487,125.87962,52.89169
120,46.09414,107.66347,49.70391
121,57.5109,134.63622,29.02171
122,58.54948,138.08288,21.49218
123,45.86396,108.75408,2.84515
124,30.17167,73.42014,50.48715
125,48.81605,121.78019,-7.35703
126,45.42985,114.67062,40.11611
127,45.48843,116.42137,69.17389
128,36.17085,97.08408,39.11691
129,46.42259,125.62309,-19.35824
130,35.31401,97.09955,22.33451
131,43.79144,122.9778,1.27603
132,34.50732,97.62957,-79.78192
133,37.64624,106.67205,47.91643
134,15.94414,45.69914,-140.01873
135,27.14195,78.7144,35.2476
136,16.57806,54.51558,110.38443
137,34.61212,120.38151,33.65739
138,31.85734,118.67705,63.49203
139,30.84614,116.21836,7.59624
140,10.96976,41.3475,2.70321
141,31.2434,118.06462,23.548
142,15.22306,58.26083,-21.9789
143,34.00481,142.68706,6.84882
144,11.69554,49.20178,44.32711
145,25.0355,105.52133,-25.28245
146,19.69586,83.25573,-6.9664
147,28.54276,130.70299,-50.6817
148,14.94613,70.76855,-15.20156
149,6.5502,31.06559,110.33353
150,27.13584,128.91581,-6.99006
151,11.07024,53.14225,-15.77626
152,14.38769,73.00768,-37.82225
153,18.33775,99.70582,67.78329
154,21.76536,120.01159,29.43357
155,22.01296,122.09825,-10.76638
156,17.2655,97.8772,-21.69852
157,20.25764,124.39617,71.97376
158,23.85737,147.74313,-22.14102
159,11.22414,73.20302,8.24121
160,5.16912,34.89105,19.23714
161,16.74944,118.89046,51.69099
162,16.08918,119.2917,56.5152
163,11.19015,87.30489,9.17076
164,10.48253,90.29616,41.67395
165,11.37949,100.49497,97.45414
166,12.99529,129.89383,66.29816
167,11.61547,118.70231,46.12407
168,10.56648,113.50178,-98.07455
169,6.87456,76.6788,-66.18148
170,6.04079,67.84956,-46.07433
171,12.07198,136.18018,66.37644
172,12.2632,143.89356,-26.59111
173,8.94075,110.21291,-72.91272
174,7.07717,91.21222,-63.27245
175,8.39438,112.26158,38.71958
176,3.70652,81.22554,18.2515
177,0.64903,15.29397,-81.49349
178,2.61369,86.97335,-58.25303
179,1.80589,76.7793,15.60508
180,-0.16637,133.13403,29.78688
181,-0.55921,87.324,37.32145
182,-0.99319,81.00603,96.2247
183,-2.91011,135.06431,-12.63479
184,-1.16799,30.61587,-79.16789
185,-4.86257,119.29451,-39.08458
186,-9.49641,140.94069,40.8881
187,-7.66676,111.40006,-27.25861
188,-2.92183,36.58074,69.59577
189,-10.09171,120.60579,-18.27344
190,-8.58952,99.77014,-68.558
191,-10.91652,125.0516,-31.28121
192,-7.8978,88.87366,-51.64511
193,-14.40557,144.96655,-47.21059
194,-2.07227,20.44308,3.22036
195,-12.86591,104.14467,-67.05835
196,-18.44245,148.70222,5.00404
197,-18.88029,124.14829,-80.66852
198,-11.72282,74.35687,89.33705
199,-18.77841,119.07618,-34.80061
200,-15.50885,93.27422,-88.78018
201,-23.28894,139.60272,5.60891
202,-18.83975,111.43567,62.60611
203,-9.1581,48.90487,-122.18405
204,-16.4292,78.37427,-62.40545
205,-24.20246,109.92238,-30.25293
206,-12.82721,56.61206,120.82827
207,-21.36351,91.10952,-90.29285
208,-4.89254,19.41539,-107.19739
209,-29.24151,111.80822,-63.98725
210,-20.62331,72.81841,-126.84851
211,-32.60959,114.17763,-33.22797
212,-38.04312,129.87396,56.43682
213,-20.72871,64.48218,-11.09137
214,-23.14639,68.5448,-81.12088
215,-40.23111,111.09953,-52.66821
216,-32.04133,87.26563,-119.35448
217,-25.66738,69.21686,-83.53805
218,-22.52971,59.58577,91.94507
219,-28.94789,76.53999,118.09768
220,-19.16974,47.95739,7.5247
221,-42.64947,105.80661,58.86224
222,-31.70793,77.64166,93.7472
223,-24.53249,55.503,-32.76913
224,-41.10847,91.54304,-114.75025
225,-37.11778,82.04572,-62.98098
226,-51.96105,112.93073,-62.80476
227,-61.79525,134.27622,20.68616
228,-27.77002,60.09445,90.78629
229,-55.18089,113.60917,13.90998
230,-63.6117,126.1941,12.17831
231,-54.94475,106.40313,-84.6114
232,-26.1055,50.31788,-128.50158
233,-60.3212,113.80688,3.97331
234,-34.83663,62.34621,-94.71537
235,-31.2851,55.74218,-127.07637
236,-70.18282,119.73769,40.99386
237,-69.29772,115.48031,14.92447
238,-44.8818,74.14129,29.57515
239,-73.02759,115.71108,-47.76931
240,-35.02967,52.26916,-72.95259
241,-21.75427,31.1213,-113.58163
242,-67.56361,96.01229,52.32558
243,-46.79115,60.66608,105.91345
244,-67.58173,86.87844,-39.14493
245,-23.64697,29.30118,-42.63702
246,-56.65515,70.04616,-111.13201
247,-61.48988,74.31466,-102.6336
248,-52.79209,63.25196,-111.09705
249,-50.75803,60.51231,-105.02109
250,-56.04726,66.62226,-115.60026
251,-58.89667,70.00806,-121.06452
252,-12.00574,14.14083,-95.10709
253,-57.86246,67.55885,-118.47197
254,-57.44958,67.01367,-117.62231
255,-93.32661,108.0963,8.48113
256,-96.49344,108.55032,21.64884
257,-57.5636,63.92858,-113.54122
258,-90.24435,99.03626,-8.06107
259,-66.97582,72.86064,-53.99792
260,-32.44687,33.88032,-83.40637
261,-48.5413,50.12516,-91.67305
262,-76.54479,75.64966,-96.44053
263,-97.7034,96.24123,42.1413
264,-106.52413,99.55537,27.46609
265,-48.9806,44.50316,-109.99613
266,-52.72136,47.77151,-135.60974
267,-58.96991,53.26885,-109.52597
268,-29.57351,26.08099,1.59407
269,-63.16891,53.90457,-102.73509
270,-60.53451,48.02225,-103.9635
271,-96.10576,74.92186,-85.023
272,-62.90814,48.23385,-99.71909
273,-67.3355,50.08305,-35.38664
274,-29.96468,21.74801,131.88778
275,-26.92122,18.96434,-60.21836
276,-114.88132,79.48549,-61.00814
277,-121.73174,67.44428,-45.49046
278,-56.56257,31.17009,-136.30354
279,-72.58184,39.76832,-19.20567
280,-40.78061,21.79499,-77.12959
281,-20.53948,10.87804,4.92638
282,-34.65999,17.33034,-106.68771
283,-89.54139,41.37072,-91.57038
284,-47.12443,21.23551,-121.18997
285,-98.08686,43.95765,-7.65577
286,-84.81623,35.3582,-4.39624
287,-117.19371,48.78904,-75.09552
288,-97.70705,40.32596,-1.17516
289,-134.27302,54.93416,-35.06663
290,-95.86472,38.75899,-103.65532
291,-93.01208,37.59939,-100.55818
292,-67.04187,27.07826,-134.20063
293,-58.32175,21.72067,-133.71933
294,-64.58353,23.90249,-115.42664
295,-57.03919,21.0834,-127.48171
296,-60.2765,22.12343,-132.30114
297,-56.53722,20.5245,-129.57796
298,-52.64382,18.97833,-118.13507
299,-56.25995,20.16965,-125.15851
300,-56.84803,20.06516,-126.20042
301,-54.91019,19.18702,-121.37158
302,-61.59302,21.17342,-133.30804
303,-17.37049,5.83016,-109.96668
304,-58.39917,19.46183,-129.14089
305,-139.82308,46.50338,-35.26728
306,-54.22272,18.01293,-118.52615
307,-56.54433,18.68545,-124.2022
308,-59.4139,19.33556,-129.6109
309,-99.82801,31.78629,-85.35515
310,-73.2167,22.69972,114.66912
311,-51.51677,13.98856,-97.58842
312,-61.90726,16.59075,-61.47717
313,-55.22929,13.51032,-97.35197
314,-41.08675,8.59198,-86.71378
315,-94.32229,17.3409,-109.50082
316,-56.39845,9.68915,-80.19945
317,-64.31791,11.01212,6.89225
318,-60.83476,9.81026,-131.87388
319,-34.80333,4.05379,-97.29575
320,-82.45904,9.11745,-115.30086
321,-56.67733,6.0115,-111.95522
322,-91.61733,9.35361,-15.91105
323,-85.83986,8.40986,-91.55845
324,-42.80444,4.09844,-80.28436
325,-124.22453,10.75154,-86.48256
326,-81.50912,3.8394,-129.0356
327,-62.14631,2.799,-126.36192
328,-43.47446,1.54578,-94.17226
329,-56.8965,1.94381,-87.62328
330,-96.82394,1.24086,-63.64405
331,-104.14912,0.37335,-107.22007
332,-22.80704,0.037,-109.37935
333,-23.76503,-0.00898,-113.68665
334,-33.60545,-0.38555,-88.43687
335,-74.14068,-1.38439,-93.13204
336,-55.43756,-1.15033,-93.21425
337,-72.98495,-2.57662,-89.10273
338,-76.68571,-2.79822,-93.82883
339,-63.98665,-3.25612,-83.10106
340,-57.77423,-3.82367,-95.41316
341,-48.09045,-3.32228,-15.23784
342,-113.8322,-8.92158,-50.8688
343,-15.34125,-1.23089,-81.54792
344,-48.38378,-3.90098,-99.5368
345,-40.35769,-3.61449,-90.33909
346,-108.85982,-9.79297,-44.6395
347,-55.771,-5.57271,-88.57849
348,-101.58971,-10.49416,-72.61419
349,-81.2968,-8.45371,-65.97869
350,-104.67554,-11.63152,-74.25751
351,-75.86008,-8.82085,-95.84206
352,-44.18934,-5.15177,-87.6883
353,-86.26594,-10.60748,-104.43278
354,-100.88334,-12.5544,-82.44479
355,-25.61615,-3.35723,-7.66014
356,-30.16237,-4.30194,-94.5155
357,-90.08649,-13.14365,-116.87404
358,-52.1848,-7.679,143.27052
359,-32.94104,-5.39204,-87.57502
360,-82.11309,-14.43295,-69.92568
361,-42.52832,-7.48582,-99.36483
362,-62.73778,-11.86291,-94.47201
363,-69.39115,-13.22249,-105.42554
364,-34.85496,-7.13586,-88.53902
365,-65.63517,-13.46674,-101.18661
366,-53.38329,-11.2793,-93.32933
367,-96.40667,-21.67599,-66.64866
368,-106.98021,-24.67333,-91.08478
369,-39.83295,-9.50126,-120.79869
370,-60.96368,-14.80338,-97.2636
371,-58.34399,-14.17294,-93.05315
372,-55.00318,-13.37113,-94.75528
373,-89.30757,-22.71152,-114.60645
374,-39.99165,-10.67933,-61.16548
375,-38.26375,-10.22273,-58.53054
376,-67.35368,-19.86831,50.64427
377,-80.65533,-23.99797,-94.99119
378,-77.87712,-23.40539,-96.5898
379,-56.62484,-17.21438,-79.86465
380,-50.5808,-16.50642,-91.86105
381,-60.60341,-20.09832,-78.00784
382,-44.30462,-15.0933,-115.23543
383,-48.83371,-16.9287,130.59376
384,-74.76349,-26.50653,-76.74975
385,-22.29553,-7.98357,-133.97752
386,-68.96202,-25.31533,-96.59934
387,-87.10537,-32.32161,-88.58186
388,-49.32644,-18.59784,-95.05664
389,-73.47908,-28.64586,-15.56035
390,-124.13964,-48.89663,-69.36418
391,-37.24693,-14.91837,-146.58347
392,-89.06221,-37.58309,-102.70717
393,-66.29649,-28.94285,-105.84724
394,-75.02549,-33.95085,-86.55996
395,-62.47923,-29.05578,-95.35689
396,-62.17087,-28.95373,-92.56998
397,-43.45623,-20.66868,-67.61134
398,-44.89391,-22.52889,70.24462
399,-17.95173,-9.10176,23.4111
400,-96.52787,-49.98452,-96.80779
401,-67.59573,-35.87589,-49.68535
402,-59.35344,-31.58591,-88.61522
403,-5.741,-3.14824,143.94338
404,-56.34851,-30.97876,-82.78146
405,-70.0379,-38.63931,-86.64807
406,-92.06028,-52.22921,-95.6399
407,-81.99526,-46.63642,-43.93112
408,-78.93757,-44.97021,-90.22764
409,-87.77833,-53.81509,-90.0713
410,-116.82346,-72.55232,56.85693
411,-56.63861,-35.28208,-75.9666
412,-67.25317,-43.78488,3.3768
413,-67.34202,-44.97641,-125.10995
414,-61.43112,-42.77684,-77.67461
415,-80.3659,-57.8752,-81.67351
416,-86.41365,-64.42922,-90.04221
417,-88.50404,-66.79802,-62.71282
418,-81.5148,-62.63011,-103.95625
419,-54.59784,-44.01854,-63.49802
420,-64.05133,-51.64829,-72.84035
421,-76.08405,-62.01718,-82.98346
422,-47.77287,-39.34155,-72.27057
423,-71.03103,-59.75773,-80.24179
424,-71.28901,-60.20445,27.49492
425,-56.219,-47.99868,-57.32613
426,-86.07474,-74.31483,-53.02162
427,-88.45857,-79.62009,-59.71756
428,-80.13263,-72.72462,-1.60114
429,-89.05237,-81.22978,42.70814
430,-66.32767,-61.65636,-86.1634
431,-67.82713,-63.72259,-72.1967
432,-45.28577,-44.20161,-125.60648
433,-82.73627,-81.59235,-88.72143
434,-69.93907,-70.33411,107.40454
435,-64.95612,-65.51009,-13.81867
436,-63.04747,-64.71335,-57.87623
437,-71.78419,-75.06435,-111.57969
438,-65.50075,-70.36547,-82.34939
439,-67.89137,-73.22211,-92.68528
440,-59.59937,-64.38616,-88.59742
441,-5.9607,-6.57066,-97.25245
442,-20.61456,-22.86232,57.55926
443,-24.67486,-27.38882,-42.01779
444,-66.20328,-74.06173,-97.62029
445,-59.74978,-67.01926,-65.45273
446,-76.79012,-86.25585,-51.43723
447,-62.39441,-71.35271,-92.01218
448,-66.28152,-76.66569,-92.444
449,-31.59964,-36.67574,-7.99955
450,-38.71889,-45.54853,-66.10387
451,-40.48463,-49.02897,41.18694
452,-62.66702,-76.14824,-76.04444
453,-63.55682,-80.84062,-76.83816
454,-70.35879,-93.23153,-75.50721
455,-76.42839,-101.57254,36.58456
456,-48.72561,-65.20991,49.60924
457,-35.5903,-48.20383,-107.24678
458,-51.28832,-69.53268,-70.84291
459,-62.97489,-85.45,-17.16067
460,-55.42069,-76.20152,-94.08687
461,-55.3294,-76.28704,-61.41686
462,-48.47261,-68.36379,123.77447
463,-68.48573,-96.59747,-67.75389
464,-49.47282,-69.88919,-111.07966
465,-49.62544,-70.45062,-36.84558
466,-67.06028,-95.22098,86.60765
467,-15.75919,-22.91085,-112.21276
468,-56.26037,-82.38498,-69.10531
469,-33.40138,-48.98619,76.8808
470,-69.00136,-104.34281,-3.94024
471,-53.76908,-81.80672,-67.74128
472,-52.77729,-80.5777,-68.75247
473,-53.08702,-83.29997,-6.77066
474,-35.72458,-56.1404,-88.98139
475,-28.02301,-44.3962,-34.91711
476,-53.85657,-87.31567,-37.67841
477,-62.97604,-102.37824,-56.88631
478,-60.44103,-98.53303,-52.75969
479,-57.54716,-93.84519,-48.96221
480,-65.69576,-107.90091,-59.5627
481,-56.22929,-93.12981,99.91742
482,-56.03953,-94.0863,-61.23878
483,-25.50273,-42.82444,-33.57417
484,-66.34411,-112.26504,-50.01275
485,-56.96695,-96.53094,-48.80016
486,-68.65724,-117.23575,-62.86676
487,-63.78159,-109.20601,-61.99426
488,-59.22883,-102.71392,-93.96396
489,-56.69565,-98.53062,-47.3699
490,-60.27662,-106.45658,-49.37839
491,-54.90661,-97.27085,-46.6955
492,-39.13982,-69.74457,82.9247
493,-23.44329,-41.80773,-92.23963
494,-55.51931,-100.89075,-89.37735
495,-57.6652,-105.45786,-52.68415
496,-65.20235,-120.22086,-59.76849
497,-47.88969,-88.74831,-75.44767
498,-57.60354,-106.98945,-45.84037
499,-59.97111,-112.32456,-28.80132
500,-50.32971,-94.52198,-48.71697
501,-49.08737,-92.39109,-76.66056
502,-55.86305,-105.87396,-52.51159
503,-23.1424,-43.87954,49.49557
504,-20.51223,-39.1154,-70.50238
505,-51.16064,-98.1498,-73.3867
506,-57.30523,-112.46261,-44.59964
507,-36.41426,-71.67376,-43.49984
508,-57.40037,-113.02437,-67.19306
509,-55.52176,-109.39676,-43.6336
510,-53.28907,-105.42022,-41.83623
511,-28.80735,-57.44363,-137.72063
512,-56.54623,-113.11542,-57.42427
513,-43.863,-88.44046,-38.10793
514,-56.60996,-114.65565,-60.9274
515,-44.77848,-90.76485,-83.81036
516,-27.02134,-54.94838,-66.52487
517,-57.06754,-118.10758,-63.58884
518,-50.66737,-105.02044,-45.47151
519,-28.2176,-60.33459,69.7326
520,-23.62106,-50.66019,-117.97647
521,-56.82641,-121.99201,-49.13237
522,-49.43193,-106.66717,-96.67248
523,-57.81641,-125.87543,-60.82819
524,-37.65871,-82.11242,-100.99498
525,-51.41638,-113.67425,-4.53087
526,-54.98028,-124.00495,-63.32621
527,-46.01534,-103.99804,-87.47123
528,-50.20066,-114.63852,-54.31261
529,-49.60734,-113.28429,-56.27006
530,-28.0545,-64.07357,17.48289
531,-44.41898,-101.65333,-48.11396
532,-56.12435,-130.67064,-47.4632
533,-32.58684,-76.01626,-90.43166
534,-41.6559,-100.82491,-51.13722
535,-36.608,-91.28918,9.50735
536,-25.03952,-63.65054,62.53732
537,-27.85205,-71.05997,-5.35637
538,-40.0925,-103.40583,-79.76633
539,-41.66072,-108.36402,-62.29199
540,-26.43409,-69.03467,97.7431
541,-26.21493,-68.4966,97.06086
542,-45.85366,-120.57717,35.76931
543,-36.66379,-99.49818,-80.53782
544,-15.022,-41.1305,-67.41294
545,-36.54656,-105.99083,-97.84971
546,-36.87144,-108.16995,-98.78307
547,-46.68778,-138.51921,2.60291
548,-31.31135,-93.31978,-49.39745
549,-43.53407,-133.5356,12.89798
550,-20.6037,-65.66037,-80.38717
551,-30.22611,-96.98346,-80.10105
552,-36.98193,-119.07296,-62.93031
553,-11.34352,-36.95886,-132.40217
554,-39.12873,-128.14565,35.8369
555,-20.03744,-67.65438,12.65169
556,-31.99393,-123.43911,-80.12652
557,-27.23655,-110.7945,-42.64553
558,-9.49389,-41.77664,94.94878
559,-9.92212,-44.00333,-116.57726
560,-16.99683,-77.48457,103.04073
561,-28.24311,-134.55838,-37.26138
562,-18.77713,-96.27699,-57.11465
563,-22.04207,-117.94837,-60.16255
564,-13.34161,-73.40926,-72.3789
565,-15.49054,-96.93513,74.3654
566,-22.13865,-142.0364,40.15239
567,-19.52512,-133.91674,49.47366
568,-16.77513,-115.41852,-56.74228
569,-13.44552,-92.55895,-119.49319
570,-3.53501,-27.88427,-50.05334
571,-14.76493,-119.13148,-59.24984
572,-5.86767,-47.51755,-56.80916
573,-10.10608,-82.67016,-81.33776
574,-17.93417,-147.38034,31.36822
575,-12.45616,-112.70247,-22.53797
576,-9.44559,-105.13566,109.3338
577,-8.43517,-110.17788,-89.57697
578,-10.99305,-145.10589,-40.51876
579,-0.49383,-100.31438,101.99695
580,-0.11082,-122.4694,-54.05635
581,0.48895,-100.10756,101.34238
582,3.07186,-93.30642,51.24383
583,6.06101,-115.94935,-64.09888
584,5.13905,-69.09186,-85.7657
585,8.09386,-100.49082,-100.63859
586,14.13718,-144.20431,-3.04093
587,10.38365,-102.96217,-18.65508
588,3.85283,-36.39388,-25.04395
589,12.50349,-110.08093,29.61588
590,6.23977,-52.7712,-54.96603
591,11.84419,-92.77306,-7.27541
592,9.3218,-67.66917,-129.98775
593,8.48057,-61.4345,-20.63351
594,13.78313,-95.55238,56.99023
595,16.97908,-115.73447,-93.78037
596,20.78379,-138.21395,-18.92796
597,19.24239,-119.40974,49.13149
598,21.87915,-128.97425,-56.89395
599,22.15471,-124.49341,62.03138
600,17.16114,-92.2152,65.0636
601,11.67983,-62.06223,92.02181
602,22.02208,-115.33058,41.50123
603,21.60284,-110.30766,-80.59719
604,28.11094,-141.86597,5.20222
605,12.4711,-61.77204,-32.09668
606,20.6517,-98.60214,-77.43764
607,29.64643,-127.7163,51.44869
608,14.72463,-59.87436,-30.4689
609,25.3719,-100.49953,-79.08575
610,29.35229,-111.12781,-94.86506
611,28.19863,-103.33512,-80.89434
612,16.26446,-59.5839,-46.64643
613,28.91856,-104.90089,-81.67205
614,10.903,-36.66151,-3.26716
615,21.47042,-65.36801,-46.15379
616,36.13642,-104.2875,28.63555
617,29.21368,-77.47725,-81.25261
618,39.15605,-103.55777,54.62756
619,14.15009,-36.9172,-33.90528
620,22.22063,-55.73803,-34.28555
621,53.72885,-129.6556,-40.17925
622,37.42305,-89.7736,17.44898
623,39.2953,-93.98842,54.08724
624,50.78242,-118.86822,64.14064
625,21.55046,-48.00434,-24.40693
626,38.59627,-85.95955,-2.11617
627,37.28162,-81.1903,56.71075
628,16.35864,-33.18153,37.16401
629,53.09066,-104.80272,93.14122
630,59.82058,-113.69103,54.79145
631,47.76976,-88.47622,44.93438
632,34.20421,-62.65473,-38.49873
633,48.72972,-89.16595,-14.69191
634,52.62105,-96.27947,-15.88332
635,23.3659,-41.67814,-79.21174
636,58.38102,-103.44354,35.83745
637,72.1221,-116.67316,59.96702
638,11.38266,-18.05988,98.00278
639,47.71438,-73.9642,-1.26205
640,30.89945,-44.28853,102.67376
641,46.67501,-66.36828,71.44267
642,46.88846,-66.55278,-18.435
643,53.58289,-75.97593,-24.53758
644,18.29157,-24.79932,-46.97423
645,68.59758,-89.62492,88.57745
646,50.22405,-65.61181,64.85722
647,66.8647,-84.65571,21.5625
648,62.94673,-79.19592,107.33027
649,60.87414,-76.065,112.77757
650,53.0573,-64.89397,41.7232
651,88.07778,-106.34317,61.81316
652,45.5345,-54.44051,20.23332
653,50.47543,-56.8849,-62.02338
654,74.54509,-75.51696,95.34251
655,65.05658,-64.99418,104.59988
656,18.82827,-17.94765,123.71727
657,65.90707,-61.78547,97.82268
658,92.43348,-86.38839,-39.78379
659,86.22009,-79.94705,68.44976
660,57.90618,-52.94088,106.27629
661,55.67119,-48.11276,54.09241
662,59.19979,-49.12894,108.25033
663,64.13505,-50.67387,108.07159
664,99.56799,-75.60341,26.8873
665,43.75506,-29.25098,-34.21299
666,99.22851,-64.13914,94.48441
667,42.16156,-25.85497,-37.76527
668,115.93701,-70.79107,30.74039
669,50.01775,-28.49611,60.35088
670,101.933,-56.90201,-4.39355
671,71.72058,-39.11243,45.21569
672,45.18918,-24.42433,-12.68317
673,127.25974,-68.63129,6.15981
674,18.74799,-9.94423,-22.72651
675,43.40958,-23.0087,88.25671
676,4.75581,-2.39271,78.25047
677,48.92141,-23.22502,107.3009
678,31.86138,-13.63421,-74.20635
679,97.20398,-40.24836,67.21209
680,52.47985,-20.31464,-0.11526
681,55.64124,-21.39534,49.36552
682,58.44559,-21.18393,85.0826
683,59.14798,-21.10201,12.01531
684,73.48226,-23.97778,-19.35274
685,22.26752,-6.98044,-134.03819
686,146.22507,-36.54152,10.06395
687,40.11544,-9.86067,11.22772
688,95.8123,-17.79953,-15.75315
689,115.83781,-20.73409,84.95118
690,137.85943,-22.65255,53.15035
691,65.36314,-9.44162,61.39529
692,42.91415,-5.08495,-33.54268
693,75.81626,-6.92012,92.26204
694,141.85527,-12.24443,51.13304
695,37.07941,-3.17762,36.36002
696,45.61447,-3.44549,-11.86842
697,96.26997,-6.64699,-31.87094
698,122.79334,-2.60986,15.23508
699,95.69993,-0.9312,19.42676
700,47.47057,-0.01757,-104.53712
701,5.20233,2.45736,11.69963
